"01";"651";"492";"000";"5";"1";"Южаковский сельсовет";"п Многоозёрный";;"000";"0";14.06.2013;01.01.2014
"01";"651";"492";"000";"5";"2";"Населенные пункты, входящие в состав сельского поселения Южаковский сельсовет Троицкого муниципального района";;;"000";"0";14.06.2013;01.01.2014
"01";"651";"492";"101";"4";"2";"п Многоозёрный";;;"000";"0";14.06.2013;01.01.2014
"01";"651";"492";"106";"9";"2";"с Южаково";;;"000";"0";14.06.2013;01.01.2014
"01";"652";"000";"000";"6";"1";"Тюменцевский муниципальный район";"с Тюменцево";;"000";"0";14.06.2013;01.01.2014
"01";"652";"400";"000";"8";"1";"Сельские поселения Тюменцевского муниципального района/";;;"000";"0";14.06.2013;01.01.2014
"01";"652";"403";"000";"8";"1";"Андроновский сельсовет";"с Андроново";;"000";"0";14.06.2013;01.01.2014
"01";"652";"403";"000";"8";"2";"Населенные пункты, входящие в состав сельского поселения Андроновский сельсовет Тюменцевского муниципального района";;;"000";"0";14.06.2013;01.01.2014
"01";"652";"403";"101";"9";"2";"с Андроново";;;"000";"0";14.06.2013;01.01.2014
"01";"652";"407";"000";"9";"1";"Берёзовский сельсовет";"с Берёзовка";;"000";"0";14.06.2013;01.01.2014
"01";"652";"407";"000";"9";"2";"Населенные пункты, входящие в состав сельского поселения Берёзовский сельсовет Тюменцевского муниципального района";;;"000";"0";14.06.2013;01.01.2014
"01";"652";"407";"101";"8";"2";"с Берёзовка";;;"000";"0";14.06.2013;01.01.2014
"01";"652";"407";"106";"2";"2";"п Вознесенский";;;"000";"0";14.06.2013;01.01.2014
"01";"652";"407";"111";"7";"2";"п Сосновка";;;"000";"0";14.06.2013;01.01.2014
"01";"652";"416";"000";"8";"1";"Вылковский сельсовет";"с Вылково";;"000";"0";14.06.2013;01.01.2014
"01";"652";"416";"000";"8";"2";"Населенные пункты, входящие в состав сельского поселения Вылковский сельсовет Тюменцевского муниципального района";;;"000";"0";14.06.2013;01.01.2014
"01";"652";"416";"101";"7";"2";"с Вылково";;;"000";"0";14.06.2013;01.01.2014
"01";"652";"420";"000";"0";"1";"Грязновский сельсовет";"с Грязново";;"000";"0";14.06.2013;01.01.2014
"01";"652";"420";"000";"0";"2";"Населенные пункты, входящие в состав сельского поселения Грязновский сельсовет Тюменцевского муниципального района";;;"000";"0";14.06.2013;01.01.2014
"01";"652";"420";"101";"0";"2";"с Грязново";;;"000";"0";14.06.2013;01.01.2014
"01";"652";"425";"000";"7";"1";"Заводской сельсовет";"п Заводской";;"000";"0";14.06.2013;01.01.2014
"01";"652";"425";"000";"7";"2";"Населенные пункты, входящие в состав сельского поселения Заводской сельсовет Тюменцевского муниципального района";;;"000";"0";14.06.2013;01.01.2014
"01";"652";"425";"101";"6";"2";"п Заводской";;;"000";"0";14.06.2013;01.01.2014
"01";"652";"425";"106";"0";"2";"п Свободный";;;"000";"0";14.06.2013;01.01.2014
"01";"652";"432";"000";"1";"1";"Ключевской сельсовет";"с Ключи";;"000";"0";14.06.2013;01.01.2014
"01";"652";"432";"000";"1";"2";"Населенные пункты, входящие в состав сельского поселения Ключевской сельсовет Тюменцевского муниципального района";;;"000";"0";14.06.2013;01.01.2014
"01";"652";"432";"101";"0";"2";"с Ключи";;;"000";"0";14.06.2013;01.01.2014
"01";"652";"436";"000";"0";"1";"Королёвский сельсовет";"п Королёвский";;"000";"0";14.06.2013;01.01.2014
"01";"652";"436";"000";"0";"2";"Населенные пункты, входящие в состав сельского поселения Королёвский сельсовет Тюменцевского муниципального района";;;"000";"0";14.06.2013;01.01.2014
"01";"652";"436";"101";"3";"2";"п Королёвский";;;"000";"0";14.06.2013;01.01.2014
"01";"652";"436";"106";"4";"2";"п Латкинский";;;"000";"0";14.06.2013;01.01.2014
"01";"652";"450";"000";"1";"1";"Мезенцевский сельсовет";"с Мезенцево";;"000";"0";14.06.2013;01.01.2014
"01";"652";"450";"000";"1";"2";"Населенные пункты, входящие в состав сельского поселения Мезенцевский сельсовет Тюменцевского муниципального района";;;"000";"0";14.06.2013;01.01.2014
"01";"652";"450";"101";"9";"2";"с Мезенцево";;;"000";"0";14.06.2013;01.01.2014
"01";"652";"452";"000";"4";"1";"Новокарповский сельсовет";"п Карповский";;"000";"0";14.06.2013;01.01.2014
"01";"652";"452";"000";"4";"2";"Населенные пункты, входящие в состав сельского поселения Новокарповский сельсовет Тюменцевского муниципального района";;;"000";"0";14.06.2013;01.01.2014
"01";"652";"452";"101";"3";"2";"п Карповский";;;"000";"0";14.06.2013;01.01.2014
"01";"652";"458";"000";"8";"1";"Тюменцевский сельсовет";"с Тюменцево";;"000";"0";14.06.2013;01.01.2014
"01";"652";"458";"000";"8";"2";"Населенные пункты, входящие в состав сельского поселения Тюменцевский сельсовет Тюменцевского муниципального района";;;"000";"0";14.06.2013;01.01.2014
"01";"652";"458";"101";"7";"2";"с Тюменцево";;;"000";"0";14.06.2013;01.01.2014
"01";"652";"461";"000";"3";"1";"Урывский сельсовет";"с Урывки";;"000";"0";14.06.2013;01.01.2014
"01";"652";"461";"000";"3";"2";"Населенные пункты, входящие в состав сельского поселения Урывский сельсовет Тюменцевского муниципального района";;;"000";"0";14.06.2013;01.01.2014
"01";"652";"461";"101";"2";"2";"с Урывки";;;"000";"0";14.06.2013;01.01.2014
"01";"652";"469";"000";"1";"1";"Черемшанский сельсовет";"с Черемшанка";;"000";"0";14.06.2013;01.01.2014
"01";"652";"469";"000";"1";"2";"Населенные пункты, входящие в состав сельского поселения Черемшанский сельсовет Тюменцевского муниципального района";;;"000";"0";14.06.2013;01.01.2014
"01";"652";"469";"101";"0";"2";"с Черемшанка";;;"000";"0";14.06.2013;01.01.2014
"01";"652";"469";"106";"5";"2";"п Кулундинский";;;"000";"0";14.06.2013;01.01.2014
"01";"652";"480";"000";"9";"1";"Шарчинский сельсовет";"с Шарчино";;"000";"0";14.06.2013;01.01.2014
"01";"652";"480";"000";"9";"2";"Населенные пункты, входящие в состав сельского поселения Шарчинский сельсовет Тюменцевского муниципального района";;;"000";"0";14.06.2013;01.01.2014
"01";"652";"480";"101";"8";"2";"с Шарчино";;;"000";"0";14.06.2013;01.01.2014
"01";"652";"480";"106";"2";"2";"п Трубачёво";;;"000";"0";14.06.2013;01.01.2014
"01";"652";"485";"000";"5";"1";"Юдихинский сельсовет";"с Юдиха";;"000";"0";14.06.2013;01.01.2014
"01";"652";"485";"000";"5";"2";"Населенные пункты, входящие в состав сельского поселения Юдихинский сельсовет Тюменцевского муниципального района";;;"000";"0";14.06.2013;01.01.2014
"01";"652";"485";"101";"4";"2";"с Юдиха";;;"000";"0";14.06.2013;01.01.2014
"01";"653";"000";"000";"0";"1";"Угловский муниципальный район";"с Угловское";;"000";"0";14.06.2013;01.01.2014
"01";"653";"400";"000";"2";"1";"Сельские поселения Угловского муниципального района/";;;"000";"0";14.06.2013;01.01.2014
"01";"653";"411";"000";"6";"1";"Круглянский сельсовет";"с Круглое";;"000";"0";14.06.2013;01.01.2014
"01";"653";"411";"000";"6";"2";"Населенные пункты, входящие в состав сельского поселения Круглянский сельсовет Угловского муниципального района";;;"000";"0";14.06.2013;01.01.2014
"01";"653";"411";"101";"5";"2";"с Круглое";;;"000";"0";14.06.2013;01.01.2014
"01";"653";"411";"106";"1";"2";"с Куйбышево";;;"000";"0";14.06.2013;01.01.2014
"01";"653";"411";"111";"4";"2";"с Первые Коростели";;;"000";"0";14.06.2013;01.01.2014
"01";"653";"422";"000";"1";"1";"Лаптевский сельсовет";"с Лаптев Лог";;"000";"0";14.06.2013;01.01.2014
"01";"653";"422";"000";"1";"2";"Населенные пункты, входящие в состав сельского поселения Лаптевский сельсовет Угловского муниципального района";;;"000";"0";14.06.2013;01.01.2014
"01";"653";"422";"101";"9";"2";"с Лаптев Лог";;;"000";"0";14.06.2013;01.01.2014
"01";"653";"422";"106";"3";"2";"с Беленькое";;;"000";"0";14.06.2013;01.01.2014
"01";"653";"422";"111";"8";"2";"с Борисовка";;;"000";"0";14.06.2013;01.01.2014
"01";"653";"422";"116";"2";"2";"с Горькое";;;"000";"0";14.06.2013;01.01.2014
"01";"653";"422";"121";"7";"2";"с Наумовка";;;"071";"3";12.12.2014;01.01.2015
"01";"653";"455";"000";"0";"1";"Озёрно-Кузнецовский сельсовет";"с Озёрно-Кузнецово";;"000";"0";14.06.2013;01.01.2014
"01";"653";"455";"000";"0";"2";"Населенные пункты, входящие в состав сельского поселения Озёрно-Кузнецовский сельсовет Угловского муниципального района";;;"000";"0";14.06.2013;01.01.2014
"01";"653";"455";"101";"7";"2";"с Озёрно-Кузнецово";;;"000";"0";14.06.2013;01.01.2014
"01";"653";"455";"106";"4";"2";"п Озёрно-Кузнецовский Лесхоз";;;"000";"0";14.06.2013;01.01.2014
"01";"653";"466";"000";"4";"1";"Павловский сельсовет";"с Павловка";;"000";"0";14.06.2013;01.01.2014
"01";"653";"466";"000";"4";"2";"Населенные пункты, входящие в состав сельского поселения Павловский сельсовет Угловского муниципального района";;;"000";"0";14.06.2013;01.01.2014
"01";"653";"466";"101";"3";"2";"с Павловка";;;"000";"0";14.06.2013;01.01.2014
"01";"653";"466";"106";"8";"2";"с Алексеевка";;;"000";"0";14.06.2013;01.01.2014
"01";"653";"477";"000";"8";"1";"Симоновский сельсовет";"с Симоново";;"000";"0";14.06.2013;01.01.2014
"01";"653";"477";"000";"8";"2";"Населенные пункты, входящие в состав сельского поселения Симоновский сельсовет Угловского муниципального района";;;"000";"0";14.06.2013;01.01.2014
"01";"653";"477";"101";"7";"2";"с Симоново";;;"000";"0";14.06.2013;01.01.2014
"01";"653";"477";"106";"1";"2";"с Валовой Кордон";;;"000";"0";14.06.2013;01.01.2014
"01";"653";"477";"111";"6";"2";"с Кормиха";;;"000";"0";14.06.2013;01.01.2014
"01";"653";"477";"116";"0";"2";"с Чернокоровниково";;;"000";"0";14.06.2013;01.01.2014
"01";"653";"480";"000";"3";"1";"Тополинский сельсовет";"с Топольное";;"000";"0";14.06.2013;01.01.2014
"01";"653";"480";"000";"3";"2";"Населенные пункты, входящие в состав сельского поселения Тополинский сельсовет Угловского муниципального района";;;"000";"0";14.06.2013;01.01.2014
"01";"653";"480";"101";"2";"2";"с Топольное";;;"000";"0";14.06.2013;01.01.2014
"01";"653";"480";"106";"7";"2";"п Тополинский Лесхоз";;;"000";"0";14.06.2013;01.01.2014
"01";"653";"488";"000";"1";"1";"Угловский сельсовет";"с Угловское";;"000";"0";14.06.2013;01.01.2014
"01";"653";"488";"000";"1";"2";"Населенные пункты, входящие в состав сельского поселения Угловский сельсовет Угловского муниципального района";;;"000";"0";14.06.2013;01.01.2014
"01";"653";"488";"101";"0";"2";"с Угловское";;;"000";"0";14.06.2013;01.01.2014
"01";"653";"488";"103";"2";"2";"с Бор-Кособулат";;;"216";"3";29.03.2017;01.06.2017
"01";"653";"488";"104";"3";"2";"с Ляпуново";;;"216";"3";29.03.2017;01.06.2017
"01";"653";"488";"105";"4";"2";"п Мирный";;;"216";"3";29.03.2017;01.06.2017
"01";"653";"488";"106";"5";"2";"п Новоугловский";;;"000";"0";14.06.2013;01.01.2014
"01";"653";"488";"111";"0";"2";"с Шадруха";;;"216";"3";29.03.2017;01.06.2017
"01";"654";"000";"000";"5";"1";"Усть-Калманский муниципальный район";"с Усть-Калманка";;"000";"0";14.06.2013;01.01.2014
"01";"654";"400";"000";"7";"1";"Сельские поселения Усть-Калманского муниципального района/";;;"000";"0";14.06.2013;01.01.2014
"01";"654";"408";"000";"5";"1";"Кабановский сельсовет";"с Кабаново";;"000";"0";14.06.2013;01.01.2014
"01";"654";"408";"000";"5";"2";"Населенные пункты, входящие в состав сельского поселения Кабановский сельсовет Усть-Калманского муниципального района";;;"000";"0";14.06.2013;01.01.2014
"01";"654";"408";"101";"4";"2";"с Кабаново";;;"000";"0";14.06.2013;01.01.2014
"01";"654";"408";"106";"9";"2";"с Бураново";;;"000";"0";14.06.2013;01.01.2014
"01";"654";"408";"111";"3";"2";"с Ельцовка";;;"000";"0";14.06.2013;01.01.2014
"01";"654";"408";"116";"8";"2";"п Усть-Ермилиха";;;"000";"0";14.06.2013;01.01.2014
"01";"654";"408";"121";"2";"2";"с Усть-Камышенка";;;"000";"0";14.06.2013;01.01.2014
"01";"654";"411";"000";"0";"1";"Михайловский сельсовет";"с Михайловка";;"000";"0";14.06.2013;01.01.2014
"01";"654";"411";"000";"0";"2";"Населенные пункты, входящие в состав сельского поселения Михайловский сельсовет Усть-Калманского муниципального района";;;"000";"0";14.06.2013;01.01.2014
"01";"654";"411";"101";"4";"2";"с Михайловка";;;"000";"0";14.06.2013;01.01.2014
"01";"654";"411";"106";"4";"2";"п Васильевка";;;"000";"0";14.06.2013;01.01.2014
"01";"654";"411";"111";"9";"2";"с Верх-Слюдянка";;;"000";"0";14.06.2013;01.01.2014
"01";"654";"411";"116";"3";"2";"с Слюдянка";;;"000";"0";14.06.2013;01.01.2014
"01";"654";"422";"000";"4";"1";"Новобурановский сельсовет";"с Новобураново";;"000";"0";14.06.2013;01.01.2014
"01";"654";"422";"000";"4";"2";"Населенные пункты, входящие в состав сельского поселения Новобурановский сельсовет Усть-Калманского муниципального района";;;"000";"0";14.06.2013;01.01.2014
"01";"654";"422";"101";"3";"2";"с Новобураново";;;"000";"0";14.06.2013;01.01.2014
"01";"654";"433";"000";"8";"1";"Новокалманский сельсовет";"с Новокалманка";;"000";"0";14.06.2013;01.01.2014
"01";"654";"433";"000";"8";"2";"Населенные пункты, входящие в состав сельского поселения Новокалманский сельсовет Усть-Калманского муниципального района";;;"000";"0";14.06.2013;01.01.2014
"01";"654";"433";"101";"7";"2";"с Новокалманка";;;"000";"0";14.06.2013;01.01.2014
"01";"654";"433";"106";"1";"2";"с Новотроенка";;;"000";"0";14.06.2013;01.01.2014
"01";"654";"444";"000";"1";"1";"Огнёвский сельсовет";"с Огни";;"000";"0";14.06.2013;01.01.2014
"01";"654";"444";"000";"1";"2";"Населенные пункты, входящие в состав сельского поселения Огнёвский сельсовет Усть-Калманского муниципального района";;;"000";"0";14.06.2013;01.01.2014
"01";"654";"444";"101";"0";"2";"с Огни";;;"000";"0";14.06.2013;01.01.2014
"01";"654";"446";"000";"6";"1";"Пономарёвский сельсовет";"с Пономарёво";;"000";"0";14.06.2013;01.01.2014
"01";"654";"446";"000";"6";"2";"Населенные пункты, входящие в состав сельского поселения Пономарёвский сельсовет Усть-Калманского муниципального района";;;"000";"0";14.06.2013;01.01.2014
"01";"654";"446";"101";"5";"2";"с Пономарёво";;;"000";"0";14.06.2013;01.01.2014
"01";"654";"446";"106";"8";"2";"п Западный";;;"000";"0";14.06.2013;01.01.2014
"01";"654";"448";"000";"0";"1";"Приозёрный сельсовет";"п Приозёрный";;"000";"0";14.06.2013;01.01.2014
"01";"654";"448";"000";"0";"2";"Населенные пункты, входящие в состав сельского поселения Приозёрный сельсовет Усть-Калманского муниципального района";;;"000";"0";14.06.2013;01.01.2014
"01";"654";"448";"101";"2";"2";"п Приозёрный";;;"000";"0";14.06.2013;01.01.2014
"01";"654";"448";"106";"4";"2";"п Восточный";;;"000";"0";14.06.2013;01.01.2014
"01";"654";"455";"000";"5";"1";"Усть-Калманский сельсовет";"с Усть-Калманка";;"000";"0";14.06.2013;01.01.2014
"01";"654";"455";"000";"5";"2";"Населенные пункты, входящие в состав сельского поселения Усть-Калманский сельсовет Усть-Калманского муниципального района";;;"000";"0";14.06.2013;01.01.2014
"01";"654";"455";"101";"4";"2";"с Усть-Калманка";;;"000";"0";14.06.2013;01.01.2014
"01";"654";"455";"106";"9";"2";"п Новый Чарыш";;;"000";"0";14.06.2013;01.01.2014
"01";"654";"466";"000";"9";"1";"Чарышский сельсовет";"с Чарышское";;"000";"0";14.06.2013;01.01.2014
"01";"654";"466";"000";"9";"2";"Населенные пункты, входящие в состав сельского поселения Чарышский сельсовет Усть-Калманского муниципального района";;;"000";"0";14.06.2013;01.01.2014
"01";"654";"466";"101";"8";"2";"с Чарышское";;;"000";"0";14.06.2013;01.01.2014
"01";"654";"466";"106";"2";"2";"п Дружба";;;"000";"0";14.06.2013;01.01.2014
"01";"654";"466";"111";"7";"2";"п Степной";;;"000";"0";14.06.2013;01.01.2014
"01";"655";"000";"000";"0";"1";"Усть-Пристанский муниципальный район";"с Усть-Чарышская Пристань";;"000";"0";14.06.2013;01.01.2014
"01";"655";"400";"000";"1";"1";"Сельские поселения Усть-Пристанского муниципального района/";;;"000";"0";14.06.2013;01.01.2014
"01";"655";"408";"000";"2";"1";"Беловский сельсовет";"с Белово";;"000";"0";14.06.2013;01.01.2014
"01";"655";"408";"000";"2";"2";"Населенные пункты, входящие в состав сельского поселения Беловский сельсовет Усть-Пристанского муниципального района";;;"000";"0";14.06.2013;01.01.2014
"01";"655";"408";"101";"9";"2";"с Белово";;;"000";"0";14.06.2013;01.01.2014
"01";"655";"411";"000";"5";"1";"Брусенцевский сельсовет";"с Брусенцево";;"000";"0";14.06.2013;01.01.2014
"01";"655";"411";"000";"5";"2";"Населенные пункты, входящие в состав сельского поселения Брусенцевский сельсовет Усть-Пристанского муниципального района";;;"000";"0";14.06.2013;01.01.2014
"01";"655";"411";"101";"4";"2";"с Брусенцево";;;"000";"0";14.06.2013;01.01.2014
"01";"655";"411";"106";"9";"2";"с Романово";;;"000";"0";14.06.2013;01.01.2014
"01";"655";"419";"000";"3";"1";"Вяткинский сельсовет";"с Вяткино";;"000";"0";14.06.2013;01.01.2014
"01";"655";"419";"000";"3";"2";"Населенные пункты, входящие в состав сельского поселения Вяткинский сельсовет Усть-Пристанского муниципального района";;;"000";"0";14.06.2013;01.01.2014
"01";"655";"419";"101";"2";"2";"с Вяткино";;;"000";"0";14.06.2013;01.01.2014
"01";"655";"423";"000";"6";"1";"Елбанский сельсовет";"с Елбанка";;"000";"0";14.06.2013;01.01.2014
"01";"655";"423";"000";"6";"2";"Населенные пункты, входящие в состав сельского поселения Елбанский сельсовет Усть-Пристанского муниципального района";;;"000";"0";14.06.2013;01.01.2014
"01";"655";"423";"101";"5";"2";"с Елбанка";;;"000";"0";14.06.2013;01.01.2014
"01";"655";"423";"106";"0";"2";"п Коловый Мыс";;;"000";"0";14.06.2013;01.01.2014
"01";"655";"434";"000";"0";"1";"Клепиковский сельсовет";"с Клепиково";;"000";"0";14.06.2013;01.01.2014
"01";"655";"434";"000";"0";"2";"Населенные пункты, входящие в состав сельского поселения Клепиковский сельсовет Усть-Пристанского муниципального района";;;"000";"0";14.06.2013;01.01.2014
"01";"655";"434";"101";"9";"2";"с Клепиково";;;"000";"0";14.06.2013;01.01.2014
"01";"655";"434";"106";"3";"2";"с Камышенка";;;"000";"0";14.06.2013;01.01.2014
"01";"655";"440";"000";"7";"1";"Коробейниковский сельсовет";"с Коробейниково";;"000";"0";14.06.2013;01.01.2014
"01";"655";"440";"000";"7";"2";"Населенные пункты, входящие в состав сельского поселения Коробейниковский сельсовет Усть-Пристанского муниципального района";;;"000";"0";14.06.2013;01.01.2014
"01";"655";"440";"101";"6";"2";"с Коробейниково";;;"000";"0";14.06.2013;01.01.2014
"01";"655";"443";"000";"9";"1";"Краснодарский сельсовет";"с Краснодарское";;"000";"0";14.06.2013;01.01.2014
"01";"655";"443";"000";"9";"2";"Населенные пункты, входящие в состав сельского поселения Краснодарский сельсовет Усть-Пристанского муниципального района";;;"000";"0";14.06.2013;01.01.2014
"01";"655";"443";"101";"8";"2";"с Краснодарское";;;"000";"0";14.06.2013;01.01.2014
"01";"655";"446";"000";"0";"1";"Красноярский сельсовет";"с Красноярка";;"000";"0";14.06.2013;01.01.2014
"01";"655";"446";"000";"0";"2";"Населенные пункты, входящие в состав сельского поселения Красноярский сельсовет Усть-Пристанского муниципального района";;;"000";"0";14.06.2013;01.01.2014
"01";"655";"446";"101";"0";"2";"с Красноярка";;;"000";"0";14.06.2013;01.01.2014
"01";"655";"446";"106";"4";"2";"с Усть-Журавлиха";;;"000";"0";14.06.2013;01.01.2014
"01";"655";"457";"000";"4";"1";"Нижнегусихинский сельсовет";"с Нижняя Гусиха";;"000";"0";14.06.2013;01.01.2014
"01";"655";"457";"000";"4";"2";"Населенные пункты, входящие в состав сельского поселения Нижнегусихинский сельсовет Усть-Пристанского муниципального района";;;"000";"0";14.06.2013;01.01.2014
"01";"655";"457";"101";"3";"2";"с Нижняя Гусиха";;;"000";"0";14.06.2013;01.01.2014
"01";"655";"457";"106";"8";"2";"п Отдалённый";;;"000";"0";14.06.2013;01.01.2014
"01";"655";"457";"111";"2";"2";"п Петлиха";;;"000";"0";14.06.2013;01.01.2014
"01";"655";"460";"000";"9";"1";"Нижнеозернинский сельсовет";"с Нижнеозерное";;"000";"0";14.06.2013;01.01.2014
"01";"655";"460";"000";"9";"2";"Населенные пункты, входящие в состав сельского поселения Нижнеозернинский сельсовет Усть-Пристанского муниципального района";;;"000";"0";14.06.2013;01.01.2014
"01";"655";"460";"101";"9";"2";"с Нижнеозерное";;;"000";"0";14.06.2013;01.01.2014
"01";"655";"470";"000";"6";"1";"Троицкий сельсовет";"с Троицкое";;"000";"0";14.06.2013;01.01.2014
"01";"655";"470";"000";"6";"2";"Населенные пункты, входящие в состав сельского поселения Троицкий сельсовет Усть-Пристанского муниципального района";;;"000";"0";14.06.2013;01.01.2014
"01";"655";"470";"101";"5";"2";"с Троицкое";;;"000";"0";14.06.2013;01.01.2014
"01";"655";"480";"000";"2";"1";"Усть-Пристанский сельсовет";"с Усть-Чарышская Пристань";;"000";"0";14.06.2013;01.01.2014
"01";"655";"480";"000";"2";"2";"Населенные пункты, входящие в состав сельского поселения Усть-Пристанский сельсовет Усть-Пристанского муниципального района";;;"000";"0";14.06.2013;01.01.2014
"01";"655";"480";"101";"1";"2";"с Усть-Чарышская Пристань";;;"000";"0";14.06.2013;01.01.2014
"01";"655";"480";"106";"6";"2";"с Беспалово";;;"000";"0";14.06.2013;01.01.2014
"01";"655";"480";"111";"0";"2";"с Усть-Чарыш";;;"000";"0";14.06.2013;01.01.2014
"01";"655";"491";"000";"6";"1";"Чеканихинский сельсовет";"с Чеканиха";;"000";"0";14.06.2013;01.01.2014
"01";"655";"491";"000";"6";"2";"Населенные пункты, входящие в состав сельского поселения Чеканихинский сельсовет Усть-Пристанского муниципального района";;;"000";"0";14.06.2013;01.01.2014
"01";"655";"491";"101";"5";"2";"с Чеканиха";;;"000";"0";14.06.2013;01.01.2014
"01";"656";"000";"000";"4";"1";"Хабарский муниципальный район";"с Хабары";;"000";"0";14.06.2013;01.01.2014
"01";"656";"400";"000";"6";"1";"Сельские поселения Хабарского муниципального района/";;;"000";"0";14.06.2013;01.01.2014
"01";"656";"412";"000";"7";"1";"Зятьково-Реченский сельсовет";"с Зятькова Речка";;"000";"0";14.06.2013;01.01.2014
"01";"656";"412";"000";"7";"2";"Населенные пункты, входящие в состав сельского поселения Зятьково-Реченский сельсовет Хабарского муниципального района";;;"000";"0";14.06.2013;01.01.2014
"01";"656";"412";"101";"6";"2";"с Зятькова Речка";;;"000";"0";14.06.2013;01.01.2014
"01";"656";"412";"106";"0";"2";"п Восточный";;;"000";"0";14.06.2013;01.01.2014
"01";"656";"412";"111";"5";"2";"п Поперечное";;;"000";"0";14.06.2013;01.01.2014
"01";"656";"420";"000";"9";"1";"Коротоякский сельсовет";"с Коротояк";;"000";"0";14.06.2013;01.01.2014
"01";"656";"420";"000";"9";"2";"Населенные пункты, входящие в состав сельского поселения Коротоякский сельсовет Хабарского муниципального района";;;"000";"0";14.06.2013;01.01.2014
"01";"656";"420";"101";"8";"2";"с Коротояк";;;"000";"0";14.06.2013;01.01.2014
"01";"656";"420";"106";"2";"2";"п Калиновка";;;"000";"0";14.06.2013;01.01.2014
"01";"656";"420";"111";"7";"2";"п Смирновский";;;"000";"0";14.06.2013;01.01.2014
"01";"656";"420";"116";"1";"2";"п Усть-Курья";;;"000";"0";14.06.2013;01.01.2014
"01";"656";"420";"121";"6";"2";"ст Хабары";;;"000";"0";14.06.2013;01.01.2014
"01";"656";"420";"126";"0";"2";"п Целинный";;;"000";"0";14.06.2013;01.01.2014
"01";"656";"430";"000";"5";"1";"Мартовский сельсовет";"с Мартовка";;"000";"0";14.06.2013;01.01.2014
"01";"656";"430";"000";"5";"2";"Населенные пункты, входящие в состав сельского поселения Мартовский сельсовет Хабарского муниципального района";;;"000";"0";14.06.2013;01.01.2014
"01";"656";"430";"101";"4";"2";"с Мартовка";;;"000";"0";14.06.2013;01.01.2014
"01";"656";"430";"106";"9";"2";"п Берёзовка";;;"000";"0";14.06.2013;01.01.2014
"01";"656";"430";"111";"3";"2";"п Восход";;;"000";"0";14.06.2013;01.01.2014
"01";"656";"430";"116";"8";"2";"п Рассвет";;;"000";"0";14.06.2013;01.01.2014
"01";"656";"435";"000";"1";"1";"Мичуринский сельсовет";"с Мичуринское";;"000";"0";14.06.2013;01.01.2014
"01";"656";"435";"000";"1";"2";"Населенные пункты, входящие в состав сельского поселения Мичуринский сельсовет Хабарского муниципального района";;;"000";"0";14.06.2013;01.01.2014
"01";"656";"435";"101";"0";"2";"с Мичуринское";;;"000";"0";14.06.2013;01.01.2014
"01";"656";"435";"106";"5";"2";"п Московка";;;"000";"0";14.06.2013;01.01.2014
"01";"656";"435";"111";"1";"2";"п Новоплотава";;;"000";"0";14.06.2013;01.01.2014
"01";"656";"435";"116";"4";"2";"п Ясная Поляна";;;"000";"0";14.06.2013;01.01.2014
"01";"656";"446";"000";"5";"1";"Новоильинский сельсовет";"с Новоильинка";;"000";"0";14.06.2013;01.01.2014
"01";"656";"446";"000";"5";"2";"Населенные пункты, входящие в состав сельского поселения Новоильинский сельсовет Хабарского муниципального района";;;"000";"0";14.06.2013;01.01.2014
"01";"656";"446";"101";"4";"2";"с Новоильинка";;;"000";"0";14.06.2013;01.01.2014
"01";"656";"446";"106";"9";"2";"п Богатское";;;"000";"0";14.06.2013;01.01.2014
"01";"656";"446";"111";"3";"2";"п Новофёдоровка";;;"000";"0";14.06.2013;01.01.2014
"01";"656";"446";"116";"8";"2";"п Пионер Труда";;;"000";"0";14.06.2013;01.01.2014
"01";"656";"460";"000";"4";"1";"Плёсо-Курьинский сельсовет";"с Плёсо-Курья";;"000";"0";14.06.2013;01.01.2014
"01";"656";"460";"000";"4";"2";"Населенные пункты, входящие в состав сельского поселения Плёсо-Курьинский сельсовет Хабарского муниципального района";;;"000";"0";14.06.2013;01.01.2014
"01";"656";"460";"101";"3";"2";"с Плёсо-Курья";;;"000";"0";14.06.2013;01.01.2014
"01";"656";"460";"106";"8";"2";"п Васильевка";;;"000";"0";14.06.2013;01.01.2014
"01";"656";"460";"111";"2";"2";"п Серп и Молот";;;"000";"0";14.06.2013;01.01.2014
"01";"656";"480";"000";"7";"1";"Свердловский сельсовет";"с Свердловское";;"000";"0";14.06.2013;01.01.2014
"01";"656";"480";"000";"7";"2";"Населенные пункты, входящие в состав сельского поселения Свердловский сельсовет Хабарского муниципального района";;;"000";"0";14.06.2013;01.01.2014
"01";"656";"480";"101";"6";"2";"с Свердловское";;;"000";"0";14.06.2013;01.01.2014
"01";"656";"480";"106";"0";"2";"п Добровольщина";;;"000";"0";14.06.2013;01.01.2014
"01";"656";"480";"111";"5";"2";"п Малопавловка";;;"000";"0";14.06.2013;01.01.2014
"01";"656";"480";"116";"0";"2";"п Нечаевка";;;"000";"0";14.06.2013;01.01.2014
"01";"656";"480";"121";"4";"2";"п Нововасильевка";;;"000";"0";14.06.2013;01.01.2014
"01";"656";"486";"000";"0";"1";"Тополинский сельсовет";"с Топольное";;"000";"0";14.06.2013;01.01.2014
"01";"656";"486";"000";"0";"2";"Населенные пункты, входящие в состав сельского поселения Тополинский сельсовет Хабарского муниципального района";;;"000";"0";14.06.2013;01.01.2014
"01";"656";"486";"101";"0";"2";"с Топольное";;;"000";"0";14.06.2013;01.01.2014
"01";"656";"490";"000";"3";"1";"Утянский сельсовет";"с Утянка";;"000";"0";14.06.2013;01.01.2014
"01";"656";"490";"000";"3";"2";"Населенные пункты, входящие в состав сельского поселения Утянский сельсовет Хабарского муниципального района";;;"000";"0";14.06.2013;01.01.2014
"01";"656";"490";"101";"2";"2";"с Утянка";;;"000";"0";14.06.2013;01.01.2014
"01";"656";"490";"106";"7";"2";"п Алексеевка";;;"000";"0";14.06.2013;01.01.2014
"01";"656";"493";"000";"5";"1";"Хабарский сельсовет";"с Хабары";;"000";"0";14.06.2013;01.01.2014
"01";"656";"493";"000";"5";"2";"Населенные пункты, входящие в состав сельского поселения Хабарский сельсовет Хабарского муниципального района";;;"000";"0";14.06.2013;01.01.2014
"01";"656";"493";"101";"4";"2";"с Хабары";;;"000";"0";14.06.2013;01.01.2014
"01";"657";"000";"000";"9";"1";"Целинный муниципальный район";"с Целинное";;"000";"0";14.06.2013;01.01.2014
"01";"657";"400";"000";"0";"1";"Сельские поселения Целинного муниципального района/";;;"000";"0";14.06.2013;01.01.2014
"01";"657";"407";"000";"1";"1";"Бочкарёвский сельсовет";"с Бочкари";;"000";"0";14.06.2013;01.01.2014
"01";"657";"407";"000";"1";"2";"Населенные пункты, входящие в состав сельского поселения Бочкарёвский сельсовет Целинного муниципального района";;;"000";"0";14.06.2013;01.01.2014
"01";"657";"407";"101";"0";"2";"с Бочкари";;;"000";"0";14.06.2013;01.01.2014
"01";"657";"407";"106";"5";"2";"с Верх-Марушка";;;"000";"0";14.06.2013;01.01.2014
"01";"657";"407";"111";"1";"2";"с Шадрино";;;"000";"0";14.06.2013;01.01.2014
"01";"657";"412";"000";"1";"1";"Воеводский сельсовет";"с Воеводское";;"000";"0";14.06.2013;01.01.2014
"01";"657";"412";"000";"1";"2";"Населенные пункты, входящие в состав сельского поселения Воеводский сельсовет Целинного муниципального района";;;"000";"0";14.06.2013;01.01.2014
"01";"657";"412";"101";"0";"2";"с Воеводское";;;"000";"0";14.06.2013;01.01.2014
"01";"657";"415";"000";"3";"1";"Дружбинский сельсовет";"с Дружба";;"000";"0";14.06.2013;01.01.2014
"01";"657";"415";"000";"3";"2";"Населенные пункты, входящие в состав сельского поселения Дружбинский сельсовет Целинного муниципального района";;;"000";"0";14.06.2013;01.01.2014
"01";"657";"415";"101";"2";"2";"с Дружба";;;"000";"0";14.06.2013;01.01.2014
"01";"657";"415";"106";"7";"2";"с Рупосово";;;"000";"0";14.06.2013;01.01.2014
"01";"657";"420";"000";"3";"1";"Еландинский сельсовет";"с Еланда";;"000";"0";14.06.2013;01.01.2014
"01";"657";"420";"000";"3";"2";"Населенные пункты, входящие в состав сельского поселения Еландинский сельсовет Целинного муниципального района";;;"000";"0";14.06.2013;01.01.2014
"01";"657";"420";"101";"2";"2";"с Еланда";;;"000";"0";14.06.2013;01.01.2014
"01";"657";"430";"000";"7";"1";"Ложкинский сельсовет";"с Ложкино";;"000";"0";14.06.2013;01.01.2014
"01";"657";"430";"000";"7";"2";"Населенные пункты, входящие в состав сельского поселения Ложкинский сельсовет Целинного муниципального района";;;"000";"0";14.06.2013;01.01.2014
"01";"657";"430";"101";"9";"2";"с Ложкино";;;"000";"0";14.06.2013;01.01.2014
"01";"657";"434";"000";"9";"1";"Марушинский сельсовет";"с Марушка";;"000";"0";14.06.2013;01.01.2014
"01";"657";"434";"000";"9";"2";"Населенные пункты, входящие в состав сельского поселения Марушинский сельсовет Целинного муниципального района";;;"000";"0";14.06.2013;01.01.2014
"01";"657";"434";"101";"8";"2";"с Марушка";;;"000";"0";14.06.2013;01.01.2014
"01";"657";"434";"106";"2";"2";"с Верх-Шубинка";;;"000";"0";14.06.2013;01.01.2014
"01";"657";"445";"000";"2";"1";"Овсянниковский сельсовет";"с Овсянниково";;"000";"0";14.06.2013;01.01.2014
"01";"657";"445";"000";"2";"2";"Населенные пункты, входящие в состав сельского поселения Овсянниковский сельсовет Целинного муниципального района";;;"000";"0";14.06.2013;01.01.2014
"01";"657";"445";"101";"1";"2";"с Овсянниково";;;"000";"0";14.06.2013;01.01.2014
"01";"657";"464";"000";"8";"1";"Степно-Чумышский сельсовет";"с Победа";;"000";"0";14.06.2013;01.01.2014
"01";"657";"464";"000";"8";"2";"Населенные пункты, входящие в состав сельского поселения Степно-Чумышский сельсовет Целинного муниципального района";;;"000";"0";14.06.2013;01.01.2014
"01";"657";"464";"101";"7";"2";"с Победа";;;"000";"0";14.06.2013;01.01.2014
"01";"657";"464";"106";"1";"2";"с Локоть";;;"000";"0";14.06.2013;01.01.2014
"01";"657";"464";"111";"6";"2";"с Поповичи";;;"000";"0";14.06.2013;01.01.2014
"01";"657";"464";"116";"0";"2";"с Степь-Чумыш";;;"000";"0";14.06.2013;01.01.2014
"01";"657";"464";"121";"5";"2";"с Чесноково";;;"000";"0";14.06.2013;01.01.2014
"01";"657";"468";"000";"7";"1";"Сухо-Чемровский сельсовет";"с Сухая Чемровка";;"000";"0";14.06.2013;01.01.2014
"01";"657";"468";"000";"7";"2";"Населенные пункты, входящие в состав сельского поселения Сухо-Чемровский сельсовет Целинного муниципального района";;;"000";"0";14.06.2013;01.01.2014
"01";"657";"468";"101";"6";"2";"с Сухая Чемровка";;;"000";"0";14.06.2013;01.01.2014
"01";"657";"468";"106";"0";"2";"с Сверчково";;;"000";"0";14.06.2013;01.01.2014
"01";"657";"473";"000";"7";"1";"Хомутинский сельсовет";"с Хомутино";;"000";"0";14.06.2013;01.01.2014
"01";"657";"473";"000";"7";"2";"Населенные пункты, входящие в состав сельского поселения Хомутинский сельсовет Целинного муниципального района";;;"000";"0";14.06.2013;01.01.2014
"01";"657";"473";"101";"6";"2";"с Хомутино";;;"000";"0";14.06.2013;01.01.2014
"01";"657";"479";"000";"0";"1";"Целинный сельсовет";"с Целинное";;"000";"0";14.06.2013;01.01.2014
"01";"657";"479";"000";"0";"2";"Населенные пункты, входящие в состав сельского поселения Целинный сельсовет Целинного муниципального района";;;"000";"0";14.06.2013;01.01.2014
"01";"657";"479";"101";"5";"2";"с Целинное";;;"000";"0";14.06.2013;01.01.2014
"01";"657";"490";"000";"8";"1";"Шалапский сельсовет";"с Шалап";;"000";"0";14.06.2013;01.01.2014
"01";"657";"490";"000";"8";"2";"Населенные пункты, входящие в состав сельского поселения Шалапский сельсовет Целинного муниципального района";;;"000";"0";14.06.2013;01.01.2014
"01";"657";"490";"101";"7";"2";"с Шалап";;;"000";"0";14.06.2013;01.01.2014
"01";"657";"490";"106";"1";"2";"с Верх-Яминское";;;"000";"0";14.06.2013;01.01.2014
"01";"658";"000";"000";"3";"1";"Чарышский муниципальный район";"с Чарышское";;"000";"0";14.06.2013;01.01.2014
"01";"658";"400";"000";"5";"1";"Сельские поселения Чарышского муниципального района/";;;"000";"0";14.06.2013;01.01.2014
"01";"658";"411";"000";"9";"1";"Берёзовский сельсовет";"с Берёзовка";;"000";"0";14.06.2013;01.01.2014
"01";"658";"411";"000";"9";"2";"Населенные пункты, входящие в состав сельского поселения Берёзовский сельсовет Чарышского муниципального района";;;"000";"0";14.06.2013;01.01.2014
"01";"658";"411";"101";"8";"2";"с Берёзовка";;;"000";"0";14.06.2013;01.01.2014
"01";"658";"411";"106";"2";"2";"с Комендантка";;;"000";"0";14.06.2013;01.01.2014
"01";"658";"411";"111";"7";"2";"с Майорка";;;"000";"0";14.06.2013;01.01.2014
"01";"658";"420";"000";"8";"1";"Краснопартизанский сельсовет";"с Красный Партизан";;"000";"0";14.06.2013;01.01.2014
"01";"658";"420";"000";"8";"2";"Населенные пункты, входящие в состав сельского поселения Краснопартизанский сельсовет Чарышского муниципального района";;;"000";"0";14.06.2013;01.01.2014
"01";"658";"420";"101";"7";"2";"с Красный Партизан";;;"000";"0";14.06.2013;01.01.2014
"01";"658";"420";"106";"1";"2";"с Сваловка";;;"000";"0";14.06.2013;01.01.2014
"01";"658";"422";"000";"2";"1";"Малобащелакский сельсовет";"с Малый Бащелак";;"000";"0";14.06.2013;01.01.2014
"01";"658";"422";"000";"2";"2";"Населенные пункты, входящие в состав сельского поселения Малобащелакский сельсовет Чарышского муниципального района";;;"000";"0";14.06.2013;01.01.2014
"01";"658";"422";"101";"1";"2";"с Малый Бащелак";;;"000";"0";14.06.2013;01.01.2014
"01";"658";"422";"106";"6";"2";"с Большой Бащелак";;;"000";"0";14.06.2013;01.01.2014
"01";"658";"422";"111";"0";"2";"с Боровлянка";;;"000";"0";14.06.2013;01.01.2014
"01";"658";"422";"116";"5";"2";"с Ивановка";;;"000";"0";14.06.2013;01.01.2014
"01";"658";"433";"000";"6";"1";"Маралихинский сельсовет";"с Маралиха";;"000";"0";14.06.2013;01.01.2014
"01";"658";"433";"000";"6";"2";"Населенные пункты, входящие в состав сельского поселения Маралихинский сельсовет Чарышского муниципального района";;;"000";"0";14.06.2013;01.01.2014
"01";"658";"433";"101";"5";"2";"с Маралиха";;;"000";"0";14.06.2013;01.01.2014
"01";"658";"433";"106";"8";"2";"с Красный Май";;;"000";"0";14.06.2013;01.01.2014
"01";"658";"433";"111";"4";"2";"с Малая Маралиха";;;"000";"0";14.06.2013;01.01.2014
"01";"658";"433";"116";"9";"2";"с Маральи Рожки";;;"000";"0";14.06.2013;01.01.2014
"01";"658";"433";"121";"3";"2";"с Усть-Пихтовка";;;"000";"0";14.06.2013;01.01.2014
"01";"658";"444";"000";"8";"1";"Маякский сельсовет";"с Маяк";;"000";"0";14.06.2013;01.01.2014
"01";"658";"444";"000";"8";"2";"Населенные пункты, входящие в состав сельского поселения Маякский сельсовет Чарышского муниципального района";;;"000";"0";14.06.2013;01.01.2014
"01";"658";"444";"101";"9";"2";"с Маяк";;;"000";"0";14.06.2013;01.01.2014
"01";"658";"444";"106";"3";"2";"с Красные Орлы";;;"000";"0";14.06.2013;01.01.2014
"01";"658";"444";"111";"8";"2";"п Первомайский";;;"000";"0";14.06.2013;01.01.2014
"01";"658";"444";"116";"2";"2";"с Сосновка";;;"000";"0";14.06.2013;01.01.2014
"01";"658";"444";"121";"7";"2";"с Чайное";;;"000";"0";14.06.2013;01.01.2014
"01";"658";"455";"000";"3";"1";"Алексеевский сельсовет";"с Алексеевка";;"000";"0";14.06.2013;01.01.2014
"01";"658";"455";"000";"3";"2";"Населенные пункты, входящие в состав сельского поселения Алексеевский сельсовет Чарышского муниципального района";;;"000";"0";14.06.2013;01.01.2014
"01";"658";"455";"101";"2";"2";"с Алексеевка";;;"000";"0";14.06.2013;01.01.2014
"01";"658";"455";"106";"7";"2";"с Озёрки";;;"000";"0";14.06.2013;01.01.2014
"01";"658";"455";"111";"1";"2";"с Щебнюха";;;"000";"0";14.06.2013;01.01.2014
"01";"658";"466";"000";"7";"1";"Сентелекский сельсовет";"с Сентелек";;"000";"0";14.06.2013;01.01.2014
"01";"658";"466";"000";"7";"2";"Населенные пункты, входящие в состав сельского поселения Сентелекский сельсовет Чарышского муниципального района";;;"000";"0";14.06.2013;01.01.2014
"01";"658";"466";"101";"6";"2";"с Сентелек";;;"000";"0";14.06.2013;01.01.2014
"01";"658";"466";"106";"0";"2";"с Аба";;;"000";"0";14.06.2013;01.01.2014
"01";"658";"466";"111";"5";"2";"с Машенка";;;"000";"0";14.06.2013;01.01.2014
"01";"658";"466";"116";"1";"2";"с Покровка";;;"000";"0";14.06.2013;01.01.2014
"01";"658";"477";"000";"0";"1";"Тулатинский сельсовет";"с Тулата";;"000";"0";14.06.2013;01.01.2014
"01";"658";"477";"000";"0";"2";"Населенные пункты, входящие в состав сельского поселения Тулатинский сельсовет Чарышского муниципального района";;;"000";"0";14.06.2013;01.01.2014
"01";"658";"477";"101";"3";"2";"с Тулата";;;"000";"0";14.06.2013;01.01.2014
"01";"658";"477";"106";"4";"2";"с Алексеевка";;;"000";"0";14.06.2013;01.01.2014
"01";"658";"477";"111";"9";"2";"с Долинское";;;"000";"0";14.06.2013;01.01.2014
"01";"658";"477";"116";"3";"2";"с Усть-Ионыш";;;"000";"0";14.06.2013;01.01.2014
"01";"658";"477";"121";"8";"2";"с Усть-Тулатинка";;;"000";"0";14.06.2013;01.01.2014
"01";"658";"488";"000";"4";"1";"Чарышский сельсовет";"с Чарышское";;"000";"0";14.06.2013;01.01.2014
"01";"658";"488";"000";"4";"2";"Населенные пункты, входящие в состав сельского поселения Чарышский сельсовет Чарышского муниципального района";;;"000";"0";14.06.2013;01.01.2014
"01";"658";"488";"101";"3";"2";"с Чарышское";;;"000";"0";14.06.2013;01.01.2014
"01";"659";"000";"000";"8";"1";"Шипуновский муниципальный район";"с Шипуново";;"000";"0";14.06.2013;01.01.2014
"01";"659";"400";"000";"5";"1";"Сельские поселения Шипуновского муниципального района/";;;"000";"0";14.06.2013;01.01.2014
"01";"659";"409";"000";"5";"1";"Белоглазовский сельсовет";"с Белоглазово";;"000";"0";14.06.2013;01.01.2014
"01";"659";"409";"000";"5";"2";"Населенные пункты, входящие в состав сельского поселения Белоглазовский сельсовет Шипуновского муниципального района";;;"000";"0";14.06.2013;01.01.2014
"01";"659";"409";"101";"4";"2";"с Белоглазово";;;"000";"0";14.06.2013;01.01.2014
"01";"659";"409";"106";"9";"2";"п Метели";;;"000";"0";14.06.2013;01.01.2014
"01";"659";"409";"111";"3";"2";"п Ясная Поляна";;;"000";"0";14.06.2013;01.01.2014
"01";"659";"413";"000";"8";"1";"Бобровский сельсовет";"с Бобровка";;"000";"0";14.06.2013;01.01.2014
"01";"659";"413";"000";"8";"2";"Населенные пункты, входящие в состав сельского поселения Бобровский сельсовет Шипуновского муниципального района";;;"000";"0";14.06.2013;01.01.2014
"01";"659";"413";"101";"7";"2";"с Бобровка";;;"000";"0";14.06.2013;01.01.2014
"01";"659";"413";"106";"1";"2";"п Берёзовка";;;"000";"0";14.06.2013;01.01.2014
"01";"659";"420";"000";"2";"1";"Войковский сельсовет";"с Усть-Порозиха";;"000";"0";14.06.2013;01.01.2014
"01";"659";"420";"000";"2";"2";"Населенные пункты, входящие в состав сельского поселения Войковский сельсовет Шипуновского муниципального района";;;"000";"0";14.06.2013;01.01.2014
"01";"659";"420";"101";"1";"2";"с Усть-Порозиха";;;"000";"0";14.06.2013;01.01.2014
"01";"659";"420";"106";"6";"2";"п Воробьёво";;;"000";"0";14.06.2013;01.01.2014
"01";"659";"420";"111";"0";"2";"с Кособоково";;;"000";"0";14.06.2013;01.01.2014
"01";"659";"420";"116";"5";"2";"п Чупино";;;"000";"0";14.06.2013;01.01.2014
"01";"659";"426";"000";"6";"1";"Горьковский сельсовет";"с Горьковское";;"000";"0";14.06.2013;01.01.2014
"01";"659";"426";"000";"6";"2";"Населенные пункты, входящие в состав сельского поселения Горьковский сельсовет Шипуновского муниципального района";;;"000";"0";14.06.2013;01.01.2014
"01";"659";"426";"101";"5";"2";"с Горьковское";;;"000";"0";14.06.2013;01.01.2014
"01";"659";"426";"106";"3";"2";"п Защита";;;"000";"0";14.06.2013;01.01.2014
"01";"659";"426";"111";"4";"2";"п Мирный";;;"000";"0";14.06.2013;01.01.2014
"01";"659";"430";"000";"9";"1";"Ельцовский сельсовет";"с Ельцовка";;"000";"0";14.06.2013;01.01.2014
"01";"659";"430";"000";"9";"2";"Населенные пункты, входящие в состав сельского поселения Ельцовский сельсовет Шипуновского муниципального района";;;"000";"0";14.06.2013;01.01.2014
"01";"659";"430";"101";"8";"2";"с Ельцовка";;;"000";"0";14.06.2013;01.01.2014
"01";"659";"430";"106";"2";"2";"п Качусово";;;"000";"0";14.06.2013;01.01.2014
"01";"659";"430";"111";"7";"2";"с Кузнечиха";;;"000";"0";14.06.2013;01.01.2014
"01";"659";"430";"116";"1";"2";"п Озёрки";;;"000";"0";14.06.2013;01.01.2014
"01";"659";"430";"121";"6";"2";"с Эстония";;;"000";"0";14.06.2013;01.01.2014
"01";"659";"435";"000";"5";"1";"Зеркальский сельсовет";"с Зеркалы";;"000";"0";14.06.2013;01.01.2014
"01";"659";"435";"000";"5";"2";"Населенные пункты, входящие в состав сельского поселения Зеркальский сельсовет Шипуновского муниципального района";;;"000";"0";14.06.2013;01.01.2014
"01";"659";"435";"101";"4";"2";"с Зеркалы";;;"000";"0";14.06.2013;01.01.2014
"01";"659";"435";"106";"9";"2";"п Андреевка";;;"000";"0";14.06.2013;01.01.2014
"01";"659";"435";"111";"3";"2";"с Коробейниково";;;"000";"0";14.06.2013;01.01.2014
"01";"659";"439";"000";"4";"1";"Ильинский сельсовет";"с Ильинка";;"000";"0";14.06.2013;01.01.2014
"01";"659";"439";"000";"4";"2";"Населенные пункты, входящие в состав сельского поселения Ильинский сельсовет Шипуновского муниципального района";;;"000";"0";14.06.2013;01.01.2014
"01";"659";"439";"101";"3";"2";"с Ильинка";;;"000";"0";14.06.2013;01.01.2014
"01";"659";"439";"106";"8";"2";"с Бестужево";;;"000";"0";14.06.2013;01.01.2014
"01";"659";"442";"000";"6";"1";"Комарихинский сельсовет";"с Комариха";;"000";"0";14.06.2013;01.01.2014
"01";"659";"442";"000";"6";"2";"Населенные пункты, входящие в состав сельского поселения Комарихинский сельсовет Шипуновского муниципального района";;;"000";"0";14.06.2013;01.01.2014
"01";"659";"442";"101";"9";"2";"с Комариха";;;"000";"0";14.06.2013;01.01.2014
"01";"659";"446";"000";"9";"1";"Краснояровский сельсовет";"с Красный Яр";;"000";"0";14.06.2013;01.01.2014
"01";"659";"446";"000";"9";"2";"Населенные пункты, входящие в состав сельского поселения Краснояровский сельсовет Шипуновского муниципального района";;;"000";"0";14.06.2013;01.01.2014
"01";"659";"446";"101";"8";"2";"с Красный Яр";;;"000";"0";14.06.2013;01.01.2014
"01";"659";"446";"106";"2";"2";"п Новый Путь";;;"000";"0";14.06.2013;01.01.2014
"01";"659";"446";"111";"7";"2";"п Семилетка";;;"000";"0";14.06.2013;01.01.2014
"01";"659";"446";"116";"1";"2";"п Чаячий";;;"000";"0";14.06.2013;01.01.2014
"01";"659";"452";"000";"6";"1";"Нечунаевский сельсовет";"с Нечунаево";;"000";"0";14.06.2013;01.01.2014
"01";"659";"452";"000";"6";"2";"Населенные пункты, входящие в состав сельского поселения Нечунаевский сельсовет Шипуновского муниципального района";;;"000";"0";14.06.2013;01.01.2014
"01";"659";"452";"101";"5";"2";"с Нечунаево";;;"000";"0";14.06.2013;01.01.2014
"01";"659";"452";"106";"1";"2";"п Барчиха";;;"000";"0";14.06.2013;01.01.2014
"01";"659";"462";"000";"2";"1";"Первомайский сельсовет";"п Первомайский";;"000";"0";14.06.2013;01.01.2014
"01";"659";"462";"000";"2";"2";"Населенные пункты, входящие в состав сельского поселения Первомайский сельсовет Шипуновского муниципального района";;;"000";"0";14.06.2013;01.01.2014
"01";"659";"462";"101";"1";"2";"п Первомайский";;;"000";"0";14.06.2013;01.01.2014
"01";"659";"462";"106";"6";"2";"п Майское Утро";;;"000";"0";14.06.2013;01.01.2014
"01";"659";"462";"111";"0";"2";"с Новоивановка";;;"000";"0";14.06.2013;01.01.2014
"01";"659";"462";"116";"5";"2";"п Талы";;;"000";"0";14.06.2013;01.01.2014
"01";"659";"465";"000";"4";"1";"Порожненский сельсовет";"с Порожнее";;"000";"0";14.06.2013;01.01.2014
"01";"659";"465";"000";"4";"2";"Населенные пункты, входящие в состав сельского поселения Порожненский сельсовет Шипуновского муниципального района";;;"000";"0";14.06.2013;01.01.2014
"01";"659";"465";"101";"3";"2";"с Порожнее";;;"000";"0";14.06.2013;01.01.2014
"01";"659";"465";"106";"8";"2";"п Артамоново";;;"000";"0";14.06.2013;01.01.2014
"01";"659";"465";"111";"2";"2";"с Баталово";;;"000";"0";14.06.2013;01.01.2014
"01";"659";"470";"000";"4";"1";"Родинский сельсовет";"с Родино";;"000";"0";14.06.2013;01.01.2014
"01";"659";"470";"000";"4";"2";"Населенные пункты, входящие в состав сельского поселения Родинский сельсовет Шипуновского муниципального района";;;"000";"0";14.06.2013;01.01.2014
"01";"659";"470";"101";"3";"2";"с Родино";;;"000";"0";14.06.2013;01.01.2014
"01";"659";"470";"106";"8";"2";"п Объездное";;;"000";"0";14.06.2013;01.01.2014
"01";"659";"474";"000";"3";"1";"Российский сельсовет";"с Шипуново";;"000";"0";14.06.2013;01.01.2014
"01";"659";"474";"000";"3";"2";"Населенные пункты, входящие в состав сельского поселения Российский сельсовет Шипуновского муниципального района";;;"000";"0";14.06.2013;01.01.2014
"01";"659";"474";"101";"2";"2";"с Шипуново";;;"000";"0";14.06.2013;01.01.2014
"01";"659";"474";"106";"7";"2";"с Быково";;;"000";"0";14.06.2013;01.01.2014
"01";"659";"474";"111";"1";"2";"п Калиновка";;;"000";"0";14.06.2013;01.01.2014
"01";"659";"478";"000";"2";"1";"Самсоновский сельсовет";"с Самсоново";;"000";"0";14.06.2013;01.01.2014
"01";"659";"478";"000";"2";"2";"Населенные пункты, входящие в состав сельского поселения Самсоновский сельсовет Шипуновского муниципального района";;;"000";"0";14.06.2013;01.01.2014
"01";"659";"478";"101";"1";"2";"с Самсоново";;;"000";"0";14.06.2013;01.01.2014
"01";"659";"478";"106";"6";"2";"п Дружба";;;"000";"0";14.06.2013;01.01.2014
"01";"659";"478";"111";"0";"2";"п Талина";;;"000";"0";14.06.2013;01.01.2014
"01";"659";"480";"000";"0";"1";"Тугозвоновский сельсовет";"с Тугозвоново";;"000";"0";14.06.2013;01.01.2014
"01";"659";"480";"000";"0";"2";"Населенные пункты, входящие в состав сельского поселения Тугозвоновский сельсовет Шипуновского муниципального района";;;"000";"0";14.06.2013;01.01.2014
"01";"659";"480";"101";"4";"2";"с Тугозвоново";;;"000";"0";14.06.2013;01.01.2014
"01";"659";"480";"106";"4";"2";"с Новосельское";;;"000";"0";14.06.2013;01.01.2014
"01";"659";"485";"000";"7";"1";"Урлаповский сельсовет";"с Урлапово";;"000";"0";14.06.2013;01.01.2014
"01";"659";"485";"000";"7";"2";"Населенные пункты, входящие в состав сельского поселения Урлаповский сельсовет Шипуновского муниципального района";;;"000";"0";14.06.2013;01.01.2014
"01";"659";"485";"101";"6";"2";"с Урлапово";;;"000";"0";14.06.2013;01.01.2014
"01";"659";"490";"000";"7";"1";"Хлопуновский сельсовет";"с Хлопуново";;"000";"0";14.06.2013;01.01.2014
"01";"659";"490";"000";"7";"2";"Населенные пункты, входящие в состав сельского поселения Хлопуновский сельсовет Шипуновского муниципального района";;;"000";"0";14.06.2013;01.01.2014
"01";"659";"490";"101";"6";"2";"с Хлопуново";;;"000";"0";14.06.2013;01.01.2014
"01";"659";"490";"106";"0";"2";"ст Хлопуново";;;"000";"0";14.06.2013;01.01.2014
"01";"659";"495";"000";"3";"1";"Шипуновский сельсовет";"с Шипуново";;"000";"0";14.06.2013;01.01.2014
"01";"659";"495";"000";"3";"2";"Населенные пункты, входящие в состав сельского поселения Шипуновский сельсовет Шипуновского муниципального района";;;"000";"0";14.06.2013;01.01.2014
"01";"659";"495";"101";"2";"2";"с Шипуново";;;"000";"0";14.06.2013;01.01.2014
"01";"660";"000";"000";"0";"1";"Немецкий национальный муниципальный район";"с Гальбштадт";;"000";"0";14.06.2013;01.01.2014
"01";"660";"400";"000";"2";"1";"Сельские поселения Немецкого национального муниципального района/";;;"000";"0";14.06.2013;01.01.2014
"01";"660";"405";"000";"9";"1";"Гришковский сельсовет";"с Гришковка";;"000";"0";14.06.2013;01.01.2014
"01";"660";"405";"000";"9";"2";"Населенные пункты, входящие в состав сельского поселения Гришковский сельсовет Немецкого национального муниципального района";;;"000";"0";14.06.2013;01.01.2014
"01";"660";"405";"101";"8";"2";"с Гришковка";;;"000";"0";14.06.2013;01.01.2014
"01";"660";"410";"000";"9";"1";"Дегтярский сельсовет";"с Дегтярка";;"000";"0";14.06.2013;01.01.2014
"01";"660";"410";"000";"9";"2";"Населенные пункты, входящие в состав сельского поселения Дегтярский сельсовет Немецкого национального муниципального района";;;"000";"0";14.06.2013;01.01.2014
"01";"660";"410";"101";"8";"2";"с Дегтярка";;;"000";"0";14.06.2013;01.01.2014
"01";"660";"415";"000";"5";"1";"Камышинский сельсовет";"с Камыши";;"000";"0";14.06.2013;01.01.2014
"01";"660";"415";"000";"5";"2";"Населенные пункты, входящие в состав сельского поселения Камышинский сельсовет Немецкого национального муниципального района";;;"000";"0";14.06.2013;01.01.2014
"01";"660";"415";"101";"4";"2";"с Камыши";;;"000";"0";14.06.2013;01.01.2014
"01";"660";"420";"000";"5";"1";"Гальбштадтский сельсовет";"с Гальбштадт";;"000";"0";14.06.2013;01.01.2014
"01";"660";"420";"000";"5";"2";"Населенные пункты, входящие в состав сельского поселения Гальбштадтский сельсовет Немецкого национального муниципального района";;;"000";"0";14.06.2013;01.01.2014
"01";"660";"420";"101";"4";"2";"с Гальбштадт";;;"000";"0";14.06.2013;01.01.2014
"01";"660";"425";"000";"1";"1";"Николаевский сельсовет";"с Николаевка";;"000";"0";14.06.2013;01.01.2014
"01";"660";"425";"000";"1";"2";"Населенные пункты, входящие в состав сельского поселения Николаевский сельсовет Немецкого национального муниципального района";;;"000";"0";14.06.2013;01.01.2014
"01";"660";"425";"101";"0";"2";"с Николаевка";;;"000";"0";14.06.2013;01.01.2014
"01";"660";"430";"000";"1";"1";"Орловский сельсовет";"с Орлово";;"000";"0";14.06.2013;01.01.2014
"01";"660";"430";"000";"1";"2";"Населенные пункты, входящие в состав сельского поселения Орловский сельсовет Немецкого национального муниципального района";;;"000";"0";14.06.2013;01.01.2014
"01";"660";"430";"101";"0";"2";"с Орлово";;;"000";"0";14.06.2013;01.01.2014